Number,Juz,Manzil,Page,Ruku,Hizbquarter,SurahName,SurahNumber,NumberInSurah,quran-simple,quran-simple-clean,quran-simple-enhanced,quran-simple-min,quran-uthmani-min,quran-uthmani,ar.muyassar,,شرح الأية,-,الكافرين,المنافقون,الناس,قصة أدم,قصة موسى,قصة بني إسرائيل,طريقة تدبير القرآن,الفاسقون,عهد بني إسرائيل,الكتاب,الخٰشِعينَ,الغَيبِ,بني إسرائيل-محمد,قوم محمد
1,1,1,1,1,1,سُورَةُ ٱلْفَاتِحَةِ,1,1,﻿بِسْمِ اللَّهِ الرَّحْمَٰنِ الرَّحِيمِ,﻿بسم الله الرحمن الرحيم,﻿بِسْمِ اللَّهِ الرَّحْمَٰنِ الرَّحِيمِ,﻿بِسمِ اللَّهِ الرَّحمٰنِ الرَّحيمِ,﻿بِسمِ اللَّهِ الرَّحمٰنِ الرَّحيمِ,﻿بِسْمِ ٱللَّهِ ٱلرَّحْمَٰنِ ٱلرَّحِيمِ,سورة الفاتحة سميت هذه السورة بالفاتحة؛ لأنه يفتتح بها القرآن العظيم، وتسمى المثاني؛ لأنها تقرأ في كل ركعة، ولها أسماء أخر. أبتدئ قراءة القرآن باسم الله مستعينا به، (اللهِ) علم على الرب -تبارك وتعالى- المعبود بحق دون سواه، وهو أخص أسماء الله تعالى، ولا يسمى به غيره سبحانه. (الرَّحْمَنِ) ذي الرحمة العامة الذي وسعت رحمته جميع الخلق، (الرَّحِيمِ) بالمؤمنين، وهما اسمان من أسمائه تعالى، يتضمنان إثبات صفة الرحمة لله تعالى كما يليق بجلاله.,﻿بِسمِ اللَّهِ الرَّحمٰنِ الرَّحيمِ,,,,,,,,,,,,,,,,
2,1,1,1,1,1,سُورَةُ ٱلْفَاتِحَةِ,1,2,الْحَمْدُ لِلَّهِ رَبِّ الْعَالَمِينَ,الحمد لله رب العالمين,الْحَمْدُ لِلَّهِ رَبِّ الْعَالَمِينَ,الحَمدُ لِلَّهِ رَبِّ العالَمينَ,الحَمدُ لِلَّهِ رَبِّ العٰلَمينَ,ٱلْحَمْدُ لِلَّهِ رَبِّ ٱلْعَٰلَمِينَ,(الحَمْدُ للهِ رَبِّ العَالَمِينَ) الثناء على الله بصفاته التي كلُّها أوصاف كمال، وبنعمه الظاهرة والباطنة، الدينية والدنيوية، وفي ضمنه أَمْرٌ لعباده أن يحمدوه، فهو المستحق له وحده، وهو سبحانه المنشئ للخلق، القائم بأمورهم، المربي لجميع خلقه بنعمه، ولأوليائه بالإيمان والعمل الصالح.,الحَمدُ لِلَّهِ رَبِّ العٰلَمينَ,,,,,,,,,,,,,,,,
3,1,1,1,1,1,سُورَةُ ٱلْفَاتِحَةِ,1,3,الرَّحْمَٰنِ الرَّحِيمِ,الرحمن الرحيم,الرَّحْمَٰنِ الرَّحِيمِ,الرَّحمٰنِ الرَّحيمِ,الرَّحمٰنِ الرَّحيمِ,ٱلرَّحْمَٰنِ ٱلرَّحِيمِ,(الرَّحْمَنِ) الذي وسعت رحمته جميع الخلق، (الرَّحِيمِ)، بالمؤمنين، وهما اسمان من أسماء الله تعالى.,الرَّحمٰنِ الرَّحيمِ,,,,,,,,,,,,,,,,
4,1,1,1,1,1,سُورَةُ ٱلْفَاتِحَةِ,1,4,مَالِكِ يَوْمِ الدِّينِ,مالك يوم الدين,مَالِكِ يَوْمِ الدِّينِ,مالِكِ يَومِ الدّينِ,مٰلِكِ يَومِ الدّينِ,مَٰلِكِ يَوْمِ ٱلدِّينِ,وهو سبحانه وحده مالك يوم القيامة، وهو يوم الجزاء على الأعمال. وفي قراءة المسلم لهذه الآية في كل ركعة من صلواته تذكير له باليوم الآخر، وحثٌّ له على الاستعداد بالعمل الصالح، والكف عن المعاصي والسيئات.,مٰلِكِ يَومِ الدّينِ,,,,,,,,,,,,,,,,
5,1,1,1,1,1,سُورَةُ ٱلْفَاتِحَةِ,1,5,إِيَّاكَ نَعْبُدُ وَإِيَّاكَ نَسْتَعِينُ,إياك نعبد وإياك نستعين,إِيَّاكَ نَعْبُدُ وَإِيَّاكَ نَسْتَعِينُ,إِيّاكَ نَعبُدُ وَإِيّاكَ نَستَعينُ,إِيّاكَ نَعبُدُ وَإِيّاكَ نَستَعينُ,إِيَّاكَ نَعْبُدُ وَإِيَّاكَ نَسْتَعِينُ,إنا نخصك وحدك بالعبادة، ونستعين بك وحدك في جميع أمورنا، فالأمر كله بيدك، لا يملك منه أحد مثقال ذرة. وفي هذه الآية دليل على أن العبد لا يجوز له أن يصرف شيئًا من أنواع العبادة كالدعاء والاستغاثة والذبح والطواف إلا لله وحده، وفيها شفاء القلوب من داء التعلق بغير الله، ومن أمراض الرياء والعجب، والكبرياء.,إِيّاكَ نَعبُدُ وَإِيّاكَ نَستَعينُ,,,,,,,,,,,,,,,,
6,1,1,1,1,1,سُورَةُ ٱلْفَاتِحَةِ,1,6,اهْدِنَا الصِّرَاطَ الْمُسْتَقِيمَ,اهدنا الصراط المستقيم,اهْدِنَا الصِّرَاطَ الْمُسْتَقِيمَ,اهدِنَا الصِّراطَ المُستَقيمَ,اهدِنَا الصِّرٰطَ المُستَقيمَ,ٱهْدِنَا ٱلصِّرَٰطَ ٱلْمُسْتَقِيمَ,دُلَّنا، وأرشدنا، ووفقنا إلى الطريق المستقيم، وثبتنا عليه حتى نلقاك، وهو الإسلام، الذي هو الطريق الواضح الموصل إلى رضوان الله وإلى جنته، الذي دلّ عليه خاتم رسله وأنبيائه محمد صلى الله عليه وسلم، فلا سبيل إلى سعادة العبد إلا بالاستقامة عليه.,اهدِنَا الصِّرٰطَ المُستَقيمَ,,,,,,,,,,,,,,,,
7,1,1,1,1,1,سُورَةُ ٱلْفَاتِحَةِ,1,7,صِرَاطَ الَّذِينَ أَنْعَمْتَ عَلَيْهِمْ غَيْرِ الْمَغْضُوبِ عَلَيْهِمْ وَلَا الضَّالِّينَ,صراط الذين أنعمت عليهم غير المغضوب عليهم ولا الضالين,صِرَاطَ الَّذِينَ أَنْعَمْتَ عَلَيْهِمْ غَيْرِ الْمَغْضُوبِ عَلَيْهِمْ وَلَا الضَّالِّينَ,صِراطَ الَّذينَ أَنعَمتَ عَلَيهِم غَيرِ المَغضوبِ عَلَيهِم وَلَا الضّالّينَ,صِرٰطَ الَّذينَ أَنعَمتَ عَلَيهِم غَيرِ المَغضوبِ عَلَيهِم وَلَا الضّالّينَ,صِرَٰطَ ٱلَّذِينَ أَنْعَمْتَ عَلَيْهِمْ غَيْرِ ٱلْمَغْضُوبِ عَلَيْهِمْ وَلَا ٱلضَّآلِّينَ,طريق الذين أنعمت عليهم من النبيين والصدِّيقين والشهداء والصالحين، فهم أهل الهداية والاستقامة، ولا تجعلنا ممن سلك طريق المغضوب عليهم، الذين عرفوا الحق ولم يعملوا به، وهم اليهود، ومن كان على شاكلتهم، والضالين، وهم الذين لم يهتدوا، فضلوا الطريق، وهم النصارى، ومن اتبع سنتهم. وفي هذا الدعاء شفاء لقلب المسلم من مرض الجحود والجهل والضلال، ودلالة على أن أعظم نعمة على الإطلاق هي نعمة الإسلام، فمن كان أعرف للحق وأتبع له، كان أولى بالصراط المستقيم، ولا ريب أن أصحاب رسول الله صلى الله عليه وسلم هم أولى الناس بذلك بعد الأنبياء عليهم السلام، فدلت الآية على فضلهم، وعظيم منزلتهم، رضي الله عنهم. ويستحب للقارئ أن يقول في الصلاة بعد قراءة الفاتحة: (آمين)، ومعناها: اللهم استجب، وليست آية من سورة الفاتحة باتفاق العلماء؛ ولهذا أجمعوا على عدم كتابتها في المصاحف.,صِرٰطَ الَّذينَ أَنعَمتَ عَلَيهِم غَيرِ المَغضوبِ عَلَيهِم وَلَا الضّالّينَ,,,,,,,,,,,,,,,,
8,1,1,2,2,1,سُورَةُ البَقَرَةِ,2,1,بِسْمِ اللَّهِ الرَّحْمَٰنِ الرَّحِيمِ الم,بسم الله الرحمن الرحيم الم,بِسْمِ اللَّهِ الرَّحْمَٰنِ الرَّحِيمِ الم,بِسمِ اللَّهِ الرَّحمٰنِ الرَّحيمِ الم,بِسمِ اللَّهِ الرَّحمٰنِ الرَّحيمِ الم,بِسْمِ ٱللَّهِ ٱلرَّحْمَٰنِ ٱلرَّحِيمِ الٓمٓ,هذه الحروف وغيرها من الحروف المقطَّعة في أوائل السور فيها إشارة إلى إعجاز القرآن؛ فقد وقع به تحدي المشركين، فعجزوا عن معارضته، وهو مركَّب من هذه الحروف التي تتكون منها لغة العرب. فدَلَّ عجز العرب عن الإتيان بمثله -مع أنهم أفصح الناس- على أن القرآن وحي من الله.,بِسمِ اللَّهِ الرَّحمٰنِ الرَّحيمِ الم,,,,,,,,,,,,,,,,
9,1,1,2,2,1,سُورَةُ البَقَرَةِ,2,2,ذَٰلِكَ الْكِتَابُ لَا رَيْبَ ۛ فِيهِ ۛ هُدًى لِلْمُتَّقِينَ,ذلك الكتاب لا ريب ۛ فيه ۛ هدى للمتقين,ذَٰلِكَ الْكِتَابُ لَا رَيْبَ ۛ فِيهِ ۛ هُدًى لِّلْمُتَّقِينَ,ذٰلِكَ الكِتابُ لا رَيبَ ۛ فيهِ ۛ هُدًى لِلمُتَّقينَ,ذٰلِكَ الكِتٰبُ لا رَيبَ ۛ فيهِ ۛ هُدًى لِلمُتَّقينَ,ذَٰلِكَ ٱلْكِتَٰبُ لَا رَيْبَ ۛ فِيهِ ۛ هُدًۭى لِّلْمُتَّقِينَ,ذلك القرآن هو الكتاب العظيم الذي لا شَكَّ أنه من عند الله، فلا يصح أن يرتاب فيه أحد لوضوحه، ينتفع به المتقون بالعلم النافع والعمل الصالح وهم الذين يخافون الله، ويتبعون أحكامه.,ذٰلِكَ الكِتٰبُ لا رَيبَ ۛ فيهِ ۛ هُدًى لِلمُتَّقينَ,,-,,,,,,,,,,,,-,,
10,1,1,2,2,1,سُورَةُ البَقَرَةِ,2,3,الَّذِينَ يُؤْمِنُونَ بِالْغَيْبِ وَيُقِيمُونَ الصَّلَاةَ وَمِمَّا رَزَقْنَاهُمْ يُنْفِقُونَ,الذين يؤمنون بالغيب ويقيمون الصلاة ومما رزقناهم ينفقون,الَّذِينَ يُؤْمِنُونَ بِالْغَيْبِ وَيُقِيمُونَ الصَّلَاةَ وَمِمَّا رَزَقْنَاهُمْ يُنفِقُونَ,الَّذينَ يُؤمِنونَ بِالغَيبِ وَيُقيمونَ الصَّلاةَ وَمِمّا رَزَقناهُم يُنفِقونَ,الَّذينَ يُؤمِنونَ بِالغَيبِ وَيُقيمونَ الصَّلوٰةَ وَمِمّا رَزَقنٰهُم يُنفِقونَ,ٱلَّذِينَ يُؤْمِنُونَ بِٱلْغَيْبِ وَيُقِيمُونَ ٱلصَّلَوٰةَ وَمِمَّا رَزَقْنَٰهُمْ يُنفِقُونَ,وهم الذين يُصَدِّقون بالغيب الذي لا تدركه حواسُّهم ولا عقولهم وحدها؛ لأنه لا يُعْرف إلا بوحي الله إلى رسله، مثل الإيمان بالملائكة، والجنة، والنار، وغير ذلك مما أخبر الله به أو أخبر به رسوله، (والإيمان: كلمة جامعة للإقرار بالله وملائكته وكتبه ورسله واليوم الآخر والقدر خيره وشره، وتصديق الإقرار بالقول والعمل بالقلب واللسان والجوارح) وهم مع تصديقهم بالغيب يحافظون على أداء الصلاة في مواقيتها أداءً صحيحًا وَفْق ما شرع الله لنبيه محمد صلى الله عليه وسلم، ومما أعطيناهم من المال يخرجون صدقة أموالهم الواجبة والمستحبة.,الَّذينَ يُؤمِنونَ بِالغَيبِ وَيُقيمونَ الصَّلوٰةَ وَمِمّا رَزَقنٰهُم يُنفِقونَ,,-,,,,,,,,,,,,-,,
11,1,1,2,2,1,سُورَةُ البَقَرَةِ,2,4,وَالَّذِينَ يُؤْمِنُونَ بِمَا أُنْزِلَ إِلَيْكَ وَمَا أُنْزِلَ مِنْ قَبْلِكَ وَبِالْآخِرَةِ هُمْ يُوقِنُونَ,والذين يؤمنون بما أنزل إليك وما أنزل من قبلك وبالآخرة هم يوقنون,وَالَّذِينَ يُؤْمِنُونَ بِمَا أُنزِلَ إِلَيْكَ وَمَا أُنزِلَ مِن قَبْلِكَ وَبِالْآخِرَةِ هُمْ يُوقِنُونَ,وَالَّذينَ يُؤمِنونَ بِما أُنزِلَ إِلَيكَ وَما أُنزِلَ مِن قَبلِكَ وَبِالآخِرَةِ هُم يوقِنونَ,وَالَّذينَ يُؤمِنونَ بِما أُنزِلَ إِلَيكَ وَما أُنزِلَ مِن قَبلِكَ وَبِالءاخِرَةِ هُم يوقِنونَ,وَٱلَّذِينَ يُؤْمِنُونَ بِمَآ أُنزِلَ إِلَيْكَ وَمَآ أُنزِلَ مِن قَبْلِكَ وَبِٱلْءَاخِرَةِ هُمْ يُوقِنُونَ,والذين يُصَدِّقون بما أُنزل إليك أيها الرسول من القرآن، وبما أنزل إليك من الحكمة، وهي السنة، وبكل ما أُنزل مِن قبلك على الرسل من كتب، كالتوراة والإنجيل وغيرهما، ويُصَدِّقون بدار الحياة بعد الموت وما فيها من الحساب والجزاء، تصديقا بقلوبهم يظهر على ألسنتهم وجوارحهم وخص يوم الآخرة؛ لأن الإيمان به من أعظم البواعث على فعل الطاعات، واجتناب المحرمات، ومحاسبة النفس.,وَالَّذينَ يُؤمِنونَ بِما أُنزِلَ إِلَيكَ وَما أُنزِلَ مِن قَبلِكَ وَبِالءاخِرَةِ هُم يوقِنونَ,,,,,,,,,,,,,,,,
12,1,1,2,2,1,سُورَةُ البَقَرَةِ,2,5,أُولَٰئِكَ عَلَىٰ هُدًى مِنْ رَبِّهِمْ ۖ وَأُولَٰئِكَ هُمُ الْمُفْلِحُونَ,أولئك على هدى من ربهم ۖ وأولئك هم المفلحون,أُولَٰئِكَ عَلَىٰ هُدًى مِّن رَّبِّهِمْ ۖ وَأُولَٰئِكَ هُمُ الْمُفْلِحُونَ,أُولٰئِكَ عَلىٰ هُدًى مِن رَبِّهِم ۖ وَأُولٰئِكَ هُمُ المُفلِحونَ,أُولٰئِكَ عَلىٰ هُدًى مِن رَبِّهِم ۖ وَأُولٰئِكَ هُمُ المُفلِحونَ,أُو۟لَٰٓئِكَ عَلَىٰ هُدًۭى مِّن رَّبِّهِمْ ۖ وَأُو۟لَٰٓئِكَ هُمُ ٱلْمُفْلِحُونَ,أصحاب هذه الصفات يسيرون على نور من ربهم وبتوفيق مِن خالقهم وهاديهم، وهم الفائزون الذين أدركوا ما طلبوا، ونَجَوا من شرِّ ما منه هربوا.,أُولٰئِكَ عَلىٰ هُدًى مِن رَبِّهِم ۖ وَأُولٰئِكَ هُمُ المُفلِحونَ,,-,,,,,,,,,,,,,,
13,1,1,3,2,1,سُورَةُ البَقَرَةِ,2,6,إِنَّ الَّذِينَ كَفَرُوا سَوَاءٌ عَلَيْهِمْ أَأَنْذَرْتَهُمْ أَمْ لَمْ تُنْذِرْهُمْ لَا يُؤْمِنُونَ,إن الذين كفروا سواء عليهم أأنذرتهم أم لم تنذرهم لا يؤمنون,إِنَّ الَّذِينَ كَفَرُوا سَوَاءٌ عَلَيْهِمْ أَأَنذَرْتَهُمْ أَمْ لَمْ تُنذِرْهُمْ لَا يُؤْمِنُونَ,إِنَّ الَّذينَ كَفَروا سَواءٌ عَلَيهِم أَأَنذَرتَهُم أَم لَم تُنذِرهُم لا يُؤمِنونَ,إِنَّ الَّذينَ كَفَروا سَواءٌ عَلَيهِم ءَأَنذَرتَهُم أَم لَم تُنذِرهُم لا يُؤمِنونَ,إِنَّ ٱلَّذِينَ كَفَرُوا۟ سَوَآءٌ عَلَيْهِمْ ءَأَنذَرْتَهُمْ أَمْ لَمْ تُنذِرْهُمْ لَا يُؤْمِنُونَ,إن الذين جحدوا ما أُنزل إليك من ربك استكبارًا وطغيانًا، لن يقع منهم الإيمان، سواء أخوَّفتهم وحذرتهم من عذاب الله، أم تركت ذلك؛ لإصرارهم على باطلهم.,إِنَّ الَّذينَ كَفَروا سَواءٌ عَلَيهِم ءَأَنذَرتَهُم أَم لَم تُنذِرهُم لا يُؤمِنونَ,,,,,,,,,,,,,,,,
14,1,1,3,2,1,سُورَةُ البَقَرَةِ,2,7,خَتَمَ اللَّهُ عَلَىٰ قُلُوبِهِمْ وَعَلَىٰ سَمْعِهِمْ ۖ وَعَلَىٰ أَبْصَارِهِمْ غِشَاوَةٌ ۖ وَلَهُمْ عَذَابٌ عَظِيمٌ,ختم الله على قلوبهم وعلى سمعهم ۖ وعلى أبصارهم غشاوة ۖ ولهم عذاب عظيم,خَتَمَ اللَّهُ عَلَىٰ قُلُوبِهِمْ وَعَلَىٰ سَمْعِهِمْ ۖ وَعَلَىٰ أَبْصَارِهِمْ غِشَاوَةٌ ۖ وَلَهُمْ عَذَابٌ عَظِيمٌ,خَتَمَ اللَّهُ عَلىٰ قُلوبِهِم وَعَلىٰ سَمعِهِم ۖ وَعَلىٰ أَبصارِهِم غِشاوَةٌ ۖ وَلَهُم عَذابٌ عَظيمٌ,خَتَمَ اللَّهُ عَلىٰ قُلوبِهِم وَعَلىٰ سَمعِهِم ۖ وَعَلىٰ أَبصٰرِهِم غِشٰوَةٌ ۖ وَلَهُم عَذابٌ عَظيمٌ,خَتَمَ ٱللَّهُ عَلَىٰ قُلُوبِهِمْ وَعَلَىٰ سَمْعِهِمْ ۖ وَعَلَىٰٓ أَبْصَٰرِهِمْ غِشَٰوَةٌۭ ۖ وَلَهُمْ عَذَابٌ عَظِيمٌۭ,طبع الله على قلوب هؤلاء وعلى سمعهم، وجعل على أبصارهم غطاء؛ بسبب كفرهم وعنادهم مِن بعد ما تبيَّن لهم الحق، فلم يوفقهم للهدى، ولهم عذاب شديد في نار جهنم.,خَتَمَ اللَّهُ عَلىٰ قُلوبِهِم وَعَلىٰ سَمعِهِم ۖ وَعَلىٰ أَبصٰرِهِم غِشٰوَةٌ ۖ وَلَهُم عَذابٌ عَظيمٌ,,,,,,,,,,,,,,,,
15,1,1,3,3,1,سُورَةُ البَقَرَةِ,2,8,وَمِنَ النَّاسِ مَنْ يَقُولُ آمَنَّا بِاللَّهِ وَبِالْيَوْمِ الْآخِرِ وَمَا هُمْ بِمُؤْمِنِينَ,ومن الناس من يقول آمنا بالله وباليوم الآخر وما هم بمؤمنين,وَمِنَ النَّاسِ مَن يَقُولُ آمَنَّا بِاللَّهِ وَبِالْيَوْمِ الْآخِرِ وَمَا هُم بِمُؤْمِنِينَ,وَمِنَ النّاسِ مَن يَقولُ آمَنّا بِاللَّهِ وَبِاليَومِ الآخِرِ وَما هُم بِمُؤمِنينَ,وَمِنَ النّاسِ مَن يَقولُ ءامَنّا بِاللَّهِ وَبِاليَومِ الءاخِرِ وَما هُم بِمُؤمِنينَ,وَمِنَ ٱلنَّاسِ مَن يَقُولُ ءَامَنَّا بِٱللَّهِ وَبِٱلْيَوْمِ ٱلْءَاخِرِ وَمَا هُم بِمُؤْمِنِينَ,ومن الناس فريق يتردد متحيِّرًا بين المؤمنين والكافرين، وهم المنافقون الذين يقولون بألسنتهم: صدَّقْنَا بالله وباليوم الآخر، وهم في باطنهم كاذبون لم يؤمنوا.,وَمِنَ النّاسِ مَن يَقولُ ءامَنّا بِاللَّهِ وَبِاليَومِ الءاخِرِ وَما هُم بِمُؤمِنينَ,,,,,,,,,,,,,,,,
16,1,1,3,3,1,سُورَةُ البَقَرَةِ,2,9,يُخَادِعُونَ اللَّهَ وَالَّذِينَ آمَنُوا وَمَا يَخْدَعُونَ إِلَّا أَنْفُسَهُمْ وَمَا يَشْعُرُونَ,يخادعون الله والذين آمنوا وما يخدعون إلا أنفسهم وما يشعرون,يُخَادِعُونَ اللَّهَ وَالَّذِينَ آمَنُوا وَمَا يَخْدَعُونَ إِلَّا أَنفُسَهُمْ وَمَا يَشْعُرُونَ,يُخادِعونَ اللَّهَ وَالَّذينَ آمَنوا وَما يَخدَعونَ إِلّا أَنفُسَهُم وَما يَشعُرونَ,يُخٰدِعونَ اللَّهَ وَالَّذينَ ءامَنوا وَما يَخدَعونَ إِلّا أَنفُسَهُم وَما يَشعُرونَ,يُخَٰدِعُونَ ٱللَّهَ وَٱلَّذِينَ ءَامَنُوا۟ وَمَا يَخْدَعُونَ إِلَّآ أَنفُسَهُمْ وَمَا يَشْعُرُونَ,يعتقدون بجهلهم أنهم يخادعون الله والذين آمنوا بإظهارهم الإيمان وإضمارهم الكفر، وما يخدعون إلا أنفسهم؛ لأن عاقبة خداعهم تعود عليهم. ومِن فرط جهلهم لا يُحِسُّون بذلك؛ لفساد قلوبهم.,يُخٰدِعونَ اللَّهَ وَالَّذينَ ءامَنوا وَما يَخدَعونَ إِلّا أَنفُسَهُم وَما يَشعُرونَ,,,,,,,,,,,,,,,,
17,1,1,3,3,1,سُورَةُ البَقَرَةِ,2,10,فِي قُلُوبِهِمْ مَرَضٌ فَزَادَهُمُ اللَّهُ مَرَضًا ۖ وَلَهُمْ عَذَابٌ أَلِيمٌ بِمَا كَانُوا يَكْذِبُونَ,في قلوبهم مرض فزادهم الله مرضا ۖ ولهم عذاب أليم بما كانوا يكذبون,فِي قُلُوبِهِم مَّرَضٌ فَزَادَهُمُ اللَّهُ مَرَضًا ۖ وَلَهُمْ عَذَابٌ أَلِيمٌ بِمَا كَانُوا يَكْذِبُونَ,في قُلوبِهِم مَرَضٌ فَزادَهُمُ اللَّهُ مَرَضًا ۖ وَلَهُم عَذابٌ أَليمٌ بِما كانوا يَكذِبونَ,فى قُلوبِهِم مَرَضٌ فَزادَهُمُ اللَّهُ مَرَضًا ۖ وَلَهُم عَذابٌ أَليمٌ بِما كانوا يَكذِبونَ,فِى قُلُوبِهِم مَّرَضٌۭ فَزَادَهُمُ ٱللَّهُ مَرَضًۭا ۖ وَلَهُمْ عَذَابٌ أَلِيمٌۢ بِمَا كَانُوا۟ يَكْذِبُونَ,في قلوبهم شكٌّ وفساد فابْتُلوا بالمعاصي الموجبة لعقوبتهم، فزادهم الله شكًا، ولهم عقوبة موجعة بسبب كذبهم ونفاقهم.,فى قُلوبِهِم مَرَضٌ فَزادَهُمُ اللَّهُ مَرَضًا ۖ وَلَهُم عَذابٌ أَليمٌ بِما كانوا يَكذِبونَ,,,,,,,,,,,,,,,,
18,1,1,3,3,1,سُورَةُ البَقَرَةِ,2,11,وَإِذَا قِيلَ لَهُمْ لَا تُفْسِدُوا فِي الْأَرْضِ قَالُوا إِنَّمَا نَحْنُ مُصْلِحُونَ,وإذا قيل لهم لا تفسدوا في الأرض قالوا إنما نحن مصلحون,وَإِذَا قِيلَ لَهُمْ لَا تُفْسِدُوا فِي الْأَرْضِ قَالُوا إِنَّمَا نَحْنُ مُصْلِحُونَ,وَإِذا قيلَ لَهُم لا تُفسِدوا فِي الأَرضِ قالوا إِنَّما نَحنُ مُصلِحونَ,وَإِذا قيلَ لَهُم لا تُفسِدوا فِى الأَرضِ قالوا إِنَّما نَحنُ مُصلِحونَ,وَإِذَا قِيلَ لَهُمْ لَا تُفْسِدُوا۟ فِى ٱلْأَرْضِ قَالُوٓا۟ إِنَّمَا نَحْنُ مُصْلِحُونَ,وإذا نُصحوا ليكفُّوا عن الإفساد في الأرض بالكفر والمعاصي، وإفشاء أسرار المؤمنين، وموالاة الكافرين، قالوا كذبًا وجدالا إنما نحن أهل الإصلاح.,وَإِذا قيلَ لَهُم لا تُفسِدوا فِى الأَرضِ قالوا إِنَّما نَحنُ مُصلِحونَ,,,,1,,,,,,,,,,,,
19,1,1,3,3,1,سُورَةُ البَقَرَةِ,2,12,أَلَا إِنَّهُمْ هُمُ الْمُفْسِدُونَ وَلَٰكِنْ لَا يَشْعُرُونَ,ألا إنهم هم المفسدون ولكن لا يشعرون,أَلَا إِنَّهُمْ هُمُ الْمُفْسِدُونَ وَلَٰكِن لَّا يَشْعُرُونَ,أَلا إِنَّهُم هُمُ المُفسِدونَ وَلٰكِن لا يَشعُرونَ,أَلا إِنَّهُم هُمُ المُفسِدونَ وَلٰكِن لا يَشعُرونَ,أَلَآ إِنَّهُمْ هُمُ ٱلْمُفْسِدُونَ وَلَٰكِن لَّا يَشْعُرُونَ,إنَّ هذا الذي يفعلونه ويزعمون أنه إصلاح هو عين الفساد، لكنهم بسبب جهلهم وعنادهم لا يُحِسُّون.,أَلا إِنَّهُم هُمُ المُفسِدونَ وَلٰكِن لا يَشعُرونَ,,,,1,,,,,,,,,,,,
20,1,1,3,3,1,سُورَةُ البَقَرَةِ,2,13,وَإِذَا قِيلَ لَهُمْ آمِنُوا كَمَا آمَنَ النَّاسُ قَالُوا أَنُؤْمِنُ كَمَا آمَنَ السُّفَهَاءُ ۗ أَلَا إِنَّهُمْ هُمُ السُّفَهَاءُ وَلَٰكِنْ لَا يَعْلَمُونَ,وإذا قيل لهم آمنوا كما آمن الناس قالوا أنؤمن كما آمن السفهاء ۗ ألا إنهم هم السفهاء ولكن لا يعلمون,وَإِذَا قِيلَ لَهُمْ آمِنُوا كَمَا آمَنَ النَّاسُ قَالُوا أَنُؤْمِنُ كَمَا آمَنَ السُّفَهَاءُ ۗ أَلَا إِنَّهُمْ هُمُ السُّفَهَاءُ وَلَٰكِن لَّا يَعْلَمُونَ,وَإِذا قيلَ لَهُم آمِنوا كَما آمَنَ النّاسُ قالوا أَنُؤمِنُ كَما آمَنَ السُّفَهاءُ ۗ أَلا إِنَّهُم هُمُ السُّفَهاءُ وَلٰكِن لا يَعلَمونَ,وَإِذا قيلَ لَهُم ءامِنوا كَما ءامَنَ النّاسُ قالوا أَنُؤمِنُ كَما ءامَنَ السُّفَهاءُ ۗ أَلا إِنَّهُم هُمُ السُّفَهاءُ وَلٰكِن لا يَعلَمونَ,وَإِذَا قِيلَ لَهُمْ ءَامِنُوا۟ كَمَآ ءَامَنَ ٱلنَّاسُ قَالُوٓا۟ أَنُؤْمِنُ كَمَآ ءَامَنَ ٱلسُّفَهَآءُ ۗ أَلَآ إِنَّهُمْ هُمُ ٱلسُّفَهَآءُ وَلَٰكِن لَّا يَعْلَمُونَ,وإذا قيل للمنافقين: آمِنُوا -مثل إيمان الصحابة، وهو الإيمان بالقلب واللسان والجوارح-، جادَلوا وقالوا: أَنُصَدِّق مثل تصديق ضعاف العقل والرأي، فنكون نحن وهم في السَّفَهِ سواء؟ فردَّ الله عليهم بأن السَّفَهَ مقصور عليهم، وهم لا يعلمون أن ما هم فيه هو الضلال والخسران.,وَإِذا قيلَ لَهُم ءامِنوا كَما ءامَنَ النّاسُ قالوا أَنُؤمِنُ كَما ءامَنَ السُّفَهاءُ ۗ أَلا إِنَّهُم هُمُ السُّفَهاءُ وَلٰكِن لا يَعلَمونَ,,,,1,,,,,,,,,,,,
21,1,1,3,3,1,سُورَةُ البَقَرَةِ,2,14,وَإِذَا لَقُوا الَّذِينَ آمَنُوا قَالُوا آمَنَّا وَإِذَا خَلَوْا إِلَىٰ شَيَاطِينِهِمْ قَالُوا إِنَّا مَعَكُمْ إِنَّمَا نَحْنُ مُسْتَهْزِئُونَ,وإذا لقوا الذين آمنوا قالوا آمنا وإذا خلوا إلى شياطينهم قالوا إنا معكم إنما نحن مستهزئون,وَإِذَا لَقُوا الَّذِينَ آمَنُوا قَالُوا آمَنَّا وَإِذَا خَلَوْا إِلَىٰ شَيَاطِينِهِمْ قَالُوا إِنَّا مَعَكُمْ إِنَّمَا نَحْنُ مُسْتَهْزِئُونَ,وَإِذا لَقُوا الَّذينَ آمَنوا قالوا آمَنّا وَإِذا خَلَوا إِلىٰ شَياطينِهِم قالوا إِنّا مَعَكُم إِنَّما نَحنُ مُستَهزِئونَ,وَإِذا لَقُوا الَّذينَ ءامَنوا قالوا ءامَنّا وَإِذا خَلَوا إِلىٰ شَيٰطينِهِم قالوا إِنّا مَعَكُم إِنَّما نَحنُ مُستَهزِءونَ,وَإِذَا لَقُوا۟ ٱلَّذِينَ ءَامَنُوا۟ قَالُوٓا۟ ءَامَنَّا وَإِذَا خَلَوْا۟ إِلَىٰ شَيَٰطِينِهِمْ قَالُوٓا۟ إِنَّا مَعَكُمْ إِنَّمَا نَحْنُ مُسْتَهْزِءُونَ,هؤلاء المنافقون إذا قابلوا المؤمنين قالوا: صدَّقنا بالإسلام مثلكم، وإذا انصرفوا وذهبوا إلى زعمائهم الكفرة المتمردين على الله أكَّدوا لهم أنهم على ملة الكفر لم يتركوها، وإنما كانوا يَسْتَخِفُّون بالمؤمنين، ويسخرون منهم.,وَإِذا لَقُوا الَّذينَ ءامَنوا قالوا ءامَنّا وَإِذا خَلَوا إِلىٰ شَيٰطينِهِم قالوا إِنّا مَعَكُم إِنَّما نَحنُ مُستَهزِءونَ,,,,1,,,,,,,,,,,,
22,1,1,3,3,1,سُورَةُ البَقَرَةِ,2,15,اللَّهُ يَسْتَهْزِئُ بِهِمْ وَيَمُدُّهُمْ فِي طُغْيَانِهِمْ يَعْمَهُونَ,الله يستهزئ بهم ويمدهم في طغيانهم يعمهون,اللَّهُ يَسْتَهْزِئُ بِهِمْ وَيَمُدُّهُمْ فِي طُغْيَانِهِمْ يَعْمَهُونَ,اللَّهُ يَستَهزِئُ بِهِم وَيَمُدُّهُم في طُغيانِهِم يَعمَهونَ,اللَّهُ يَستَهزِئُ بِهِم وَيَمُدُّهُم فى طُغيٰنِهِم يَعمَهونَ,ٱللَّهُ يَسْتَهْزِئُ بِهِمْ وَيَمُدُّهُمْ فِى طُغْيَٰنِهِمْ يَعْمَهُونَ,الله يستهزئ بهم ويُمهلهم؛ ليزدادوا ضلالا وحَيْرة وترددًا، ويجازيهم على استهزائهم بالمؤمنين.,اللَّهُ يَستَهزِئُ بِهِم وَيَمُدُّهُم فى طُغيٰنِهِم يَعمَهونَ,,,,1,,,,,,,,,,,,
23,1,1,3,3,1,سُورَةُ البَقَرَةِ,2,16,أُولَٰئِكَ الَّذِينَ اشْتَرَوُا الضَّلَالَةَ بِالْهُدَىٰ فَمَا رَبِحَتْ تِجَارَتُهُمْ وَمَا كَانُوا مُهْتَدِينَ,أولئك الذين اشتروا الضلالة بالهدى فما ربحت تجارتهم وما كانوا مهتدين,أُولَٰئِكَ الَّذِينَ اشْتَرَوُا الضَّلَالَةَ بِالْهُدَىٰ فَمَا رَبِحَت تِّجَارَتُهُمْ وَمَا كَانُوا مُهْتَدِينَ,أُولٰئِكَ الَّذينَ اشتَرَوُا الضَّلالَةَ بِالهُدىٰ فَما رَبِحَت تِجارَتُهُم وَما كانوا مُهتَدينَ,أُولٰئِكَ الَّذينَ اشتَرَوُا الضَّلٰلَةَ بِالهُدىٰ فَما رَبِحَت تِجٰرَتُهُم وَما كانوا مُهتَدينَ,أُو۟لَٰٓئِكَ ٱلَّذِينَ ٱشْتَرَوُا۟ ٱلضَّلَٰلَةَ بِٱلْهُدَىٰ فَمَا رَبِحَت تِّجَٰرَتُهُمْ وَمَا كَانُوا۟ مُهْتَدِينَ,أولئك المنافقون باعوا أنفسهم في صفقة خاسرة، فأخذوا الكفر، وتركوا الإيمان، فما كسبوا شيئًا، بل خَسِروا الهداية. وهذا هو الخسران المبين.,أُولٰئِكَ الَّذينَ اشتَرَوُا الضَّلٰلَةَ بِالهُدىٰ فَما رَبِحَت تِجٰرَتُهُم وَما كانوا مُهتَدينَ,,,,1,,,,,,,,,,,,
24,1,1,4,3,1,سُورَةُ البَقَرَةِ,2,17,مَثَلُهُمْ كَمَثَلِ الَّذِي اسْتَوْقَدَ نَارًا فَلَمَّا أَضَاءَتْ مَا حَوْلَهُ ذَهَبَ اللَّهُ بِنُورِهِمْ وَتَرَكَهُمْ فِي ظُلُمَاتٍ لَا يُبْصِرُونَ,مثلهم كمثل الذي استوقد نارا فلما أضاءت ما حوله ذهب الله بنورهم وتركهم في ظلمات لا يبصرون,مَثَلُهُمْ كَمَثَلِ الَّذِي اسْتَوْقَدَ نَارًا فَلَمَّا أَضَاءَتْ مَا حَوْلَهُ ذَهَبَ اللَّهُ بِنُورِهِمْ وَتَرَكَهُمْ فِي ظُلُمَاتٍ لَّا يُبْصِرُونَ,مَثَلُهُم كَمَثَلِ الَّذِي استَوقَدَ نارًا فَلَمّا أَضاءَت ما حَولَهُ ذَهَبَ اللَّهُ بِنورِهِم وَتَرَكَهُم في ظُلُماتٍ لا يُبصِرونَ,مَثَلُهُم كَمَثَلِ الَّذِى استَوقَدَ نارًا فَلَمّا أَضاءَت ما حَولَهُ ذَهَبَ اللَّهُ بِنورِهِم وَتَرَكَهُم فى ظُلُمٰتٍ لا يُبصِرونَ,مَثَلُهُمْ كَمَثَلِ ٱلَّذِى ٱسْتَوْقَدَ نَارًۭا فَلَمَّآ أَضَآءَتْ مَا حَوْلَهُۥ ذَهَبَ ٱللَّهُ بِنُورِهِمْ وَتَرَكَهُمْ فِى ظُلُمَٰتٍۢ لَّا يُبْصِرُونَ,حال المنافقين الذين آمنوا -ظاهرًا لا باطنًا- برسالة محمد صلى الله عليه وسلم، ثم كفروا، فصاروا يتخبطون في ظلماتِ ضلالهم وهم لا يشعرون، ولا أمل لهم في الخروج منها، تُشْبه حالَ جماعة في ليلة مظلمة، وأوقد أحدهم نارًا عظيمة للدفء والإضاءة، فلما سطعت النار وأنارت ما حوله، انطفأت وأعتمت، فصار أصحابها في ظلمات لا يرون شيئًا، ولا يهتدون إلى طريق ولا مخرج.,مَثَلُهُم كَمَثَلِ الَّذِى استَوقَدَ نارًا فَلَمّا أَضاءَت ما حَولَهُ ذَهَبَ اللَّهُ بِنورِهِم وَتَرَكَهُم فى ظُلُمٰتٍ لا يُبصِرونَ,,,,1,,,,,,,,,,,,
25,1,1,4,3,1,سُورَةُ البَقَرَةِ,2,18,صُمٌّ بُكْمٌ عُمْيٌ فَهُمْ لَا يَرْجِعُونَ,صم بكم عمي فهم لا يرجعون,صُمٌّ بُكْمٌ عُمْيٌ فَهُمْ لَا يَرْجِعُونَ,صُمٌّ بُكمٌ عُميٌ فَهُم لا يَرجِعونَ,صُمٌّ بُكمٌ عُمىٌ فَهُم لا يَرجِعونَ,صُمٌّۢ بُكْمٌ عُمْىٌۭ فَهُمْ لَا يَرْجِعُونَ,هم صُمٌّ عن سماع الحق سماع تدبر، بُكْم عن النطق به، عُمْي عن إبصار نور الهداية؛ لذلك لا يستطيعون الرجوع إلى الإيمان الذي تركوه، واستعاضوا عنه بالضلال.,صُمٌّ بُكمٌ عُمىٌ فَهُم لا يَرجِعونَ,,,,1,,,,,,,,,,,,
26,1,1,4,3,1,سُورَةُ البَقَرَةِ,2,19,أَوْ كَصَيِّبٍ مِنَ السَّمَاءِ فِيهِ ظُلُمَاتٌ وَرَعْدٌ وَبَرْقٌ يَجْعَلُونَ أَصَابِعَهُمْ فِي آذَانِهِمْ مِنَ الصَّوَاعِقِ حَذَرَ الْمَوْتِ ۚ وَاللَّهُ مُحِيطٌ بِالْكَافِرِينَ,أو كصيب من السماء فيه ظلمات ورعد وبرق يجعلون أصابعهم في آذانهم من الصواعق حذر الموت ۚ والله محيط بالكافرين,أَوْ كَصَيِّبٍ مِّنَ السَّمَاءِ فِيهِ ظُلُمَاتٌ وَرَعْدٌ وَبَرْقٌ يَجْعَلُونَ أَصَابِعَهُمْ فِي آذَانِهِم مِّنَ الصَّوَاعِقِ حَذَرَ الْمَوْتِ ۚ وَاللَّهُ مُحِيطٌ بِالْكَافِرِينَ,أَو كَصَيِّبٍ مِنَ السَّماءِ فيهِ ظُلُماتٌ وَرَعدٌ وَبَرقٌ يَجعَلونَ أَصابِعَهُم في آذانِهِم مِنَ الصَّواعِقِ حَذَرَ المَوتِ ۚ وَاللَّهُ مُحيطٌ بِالكافِرينَ,أَو كَصَيِّبٍ مِنَ السَّماءِ فيهِ ظُلُمٰتٌ وَرَعدٌ وَبَرقٌ يَجعَلونَ أَصٰبِعَهُم فى ءاذانِهِم مِنَ الصَّوٰعِقِ حَذَرَ المَوتِ ۚ وَاللَّهُ مُحيطٌ بِالكٰفِرينَ,أَوْ كَصَيِّبٍۢ مِّنَ ٱلسَّمَآءِ فِيهِ ظُلُمَٰتٌۭ وَرَعْدٌۭ وَبَرْقٌۭ يَجْعَلُونَ أَصَٰبِعَهُمْ فِىٓ ءَاذَانِهِم مِّنَ ٱلصَّوَٰعِقِ حَذَرَ ٱلْمَوْتِ ۚ وَٱللَّهُ مُحِيطٌۢ بِٱلْكَٰفِرِينَ,أو تُشْبه حالُ فريق آخر من المنافقين يظهر لهم الحق تارة، ويشكون فيه تارة أخرى، حالَ جماعة يمشون في العراء، فينصب عليهم مطر شديد، تصاحبه ظلمات بعضها فوق بعض، مع قصف الرعد، ولمعان البرق، والصواعق المحرقة، التي تجعلهم من شدة الهول يضعون أصابعهم في آذانهم؛ خوفًا من الهلاك. والله تعالى محيط بالكافرين لا يفوتونه ولا يعجزونه.,أَو كَصَيِّبٍ مِنَ السَّماءِ فيهِ ظُلُمٰتٌ وَرَعدٌ وَبَرقٌ يَجعَلونَ أَصٰبِعَهُم فى ءاذانِهِم مِنَ الصَّوٰعِقِ حَذَرَ المَوتِ ۚ وَاللَّهُ مُحيطٌ بِالكٰفِرينَ,,,,1,,,,,,,,,,,,
27,1,1,4,3,1,سُورَةُ البَقَرَةِ,2,20,يَكَادُ الْبَرْقُ يَخْطَفُ أَبْصَارَهُمْ ۖ كُلَّمَا أَضَاءَ لَهُمْ مَشَوْا فِيهِ وَإِذَا أَظْلَمَ عَلَيْهِمْ قَامُوا ۚ وَلَوْ شَاءَ اللَّهُ لَذَهَبَ بِسَمْعِهِمْ وَأَبْصَارِهِمْ ۚ إِنَّ اللَّهَ عَلَىٰ كُلِّ شَيْءٍ قَدِيرٌ,يكاد البرق يخطف أبصارهم ۖ كلما أضاء لهم مشوا فيه وإذا أظلم عليهم قاموا ۚ ولو شاء الله لذهب بسمعهم وأبصارهم ۚ إن الله على كل شيء قدير,يَكَادُ الْبَرْقُ يَخْطَفُ أَبْصَارَهُمْ ۖ كُلَّمَا أَضَاءَ لَهُم مَّشَوْا فِيهِ وَإِذَا أَظْلَمَ عَلَيْهِمْ قَامُوا ۚ وَلَوْ شَاءَ اللَّهُ لَذَهَبَ بِسَمْعِهِمْ وَأَبْصَارِهِمْ ۚ إِنَّ اللَّهَ عَلَىٰ كُلِّ شَيْءٍ قَدِيرٌ,يَكادُ البَرقُ يَخطَفُ أَبصارَهُم ۖ كُلَّما أَضاءَ لَهُم مَشَوا فيهِ وَإِذا أَظلَمَ عَلَيهِم قاموا ۚ وَلَو شاءَ اللَّهُ لَذَهَبَ بِسَمعِهِم وَأَبصارِهِم ۚ إِنَّ اللَّهَ عَلىٰ كُلِّ شَيءٍ قَديرٌ,يَكادُ البَرقُ يَخطَفُ أَبصٰرَهُم ۖ كُلَّما أَضاءَ لَهُم مَشَوا فيهِ وَإِذا أَظلَمَ عَلَيهِم قاموا ۚ وَلَو شاءَ اللَّهُ لَذَهَبَ بِسَمعِهِم وَأَبصٰرِهِم ۚ إِنَّ اللَّهَ عَلىٰ كُلِّ شَيءٍ قَديرٌ,يَكَادُ ٱلْبَرْقُ يَخْطَفُ أَبْصَٰرَهُمْ ۖ كُلَّمَآ أَضَآءَ لَهُم مَّشَوْا۟ فِيهِ وَإِذَآ أَظْلَمَ عَلَيْهِمْ قَامُوا۟ ۚ وَلَوْ شَآءَ ٱللَّهُ لَذَهَبَ بِسَمْعِهِمْ وَأَبْصَٰرِهِمْ ۚ إِنَّ ٱللَّهَ عَلَىٰ كُلِّ شَىْءٍۢ قَدِيرٌۭ,يقارب البرق -من شدة لمعانه- أن يسلب أبصارهم، ومع ذلك فكلَّما أضاء لهم مشَوْا في ضوئه، وإذا ذهب أظلم الطريق عليهم فيقفون في أماكنهم. ولولا إمهال الله لهم لسلب سمعهم وأبصارهم، وهو قادر على ذلك في كل وقتٍ، إنه على كل شيء قدير.,يَكادُ البَرقُ يَخطَفُ أَبصٰرَهُم ۖ كُلَّما أَضاءَ لَهُم مَشَوا فيهِ وَإِذا أَظلَمَ عَلَيهِم قاموا ۚ وَلَو شاءَ اللَّهُ لَذَهَبَ بِسَمعِهِم وَأَبصٰرِهِم ۚ إِنَّ اللَّهَ عَلىٰ كُلِّ شَيءٍ قَديرٌ,,,,1,,,,,,,,,,,,
28,1,1,4,4,1,سُورَةُ البَقَرَةِ,2,21,يَا أَيُّهَا النَّاسُ اعْبُدُوا رَبَّكُمُ الَّذِي خَلَقَكُمْ وَالَّذِينَ مِنْ قَبْلِكُمْ لَعَلَّكُمْ تَتَّقُونَ,يا أيها الناس اعبدوا ربكم الذي خلقكم والذين من قبلكم لعلكم تتقون,يَا أَيُّهَا النَّاسُ اعْبُدُوا رَبَّكُمُ الَّذِي خَلَقَكُمْ وَالَّذِينَ مِن قَبْلِكُمْ لَعَلَّكُمْ تَتَّقُونَ,يا أَيُّهَا النّاسُ اعبُدوا رَبَّكُمُ الَّذي خَلَقَكُم وَالَّذينَ مِن قَبلِكُم لَعَلَّكُم تَتَّقونَ,يٰأَيُّهَا النّاسُ اعبُدوا رَبَّكُمُ الَّذى خَلَقَكُم وَالَّذينَ مِن قَبلِكُم لَعَلَّكُم تَتَّقونَ,يَٰٓأَيُّهَا ٱلنَّاسُ ٱعْبُدُوا۟ رَبَّكُمُ ٱلَّذِى خَلَقَكُمْ وَٱلَّذِينَ مِن قَبْلِكُمْ لَعَلَّكُمْ تَتَّقُونَ,نداء من الله للبشر جميعًا: أن اعبدوا الله الذي ربَّاكم بنعمه، وخافوه ولا تخالفوا دينه؛ فقد أوجدكم من العدم، وأوجد الذين من قبلكم؛ لتكونوا من المتقين الذين رضي الله عنهم ورضوا عنه.,الَّذى جَعَلَ لَكُمُ الأَرضَ فِرٰشًا وَالسَّماءَ بِناءً وَأَنزَلَ مِنَ السَّماءِ ماءً فَأَخرَجَ بِهِ مِنَ الثَّمَرٰتِ رِزقًا لَكُم ۖ فَلا تَجعَلوا لِلَّهِ أَندادًا وَأَنتُم تَعلَمونَ,,,,,1,,,,,,,,,,,
29,1,1,4,4,1,سُورَةُ البَقَرَةِ,2,22,الَّذِي جَعَلَ لَكُمُ الْأَرْضَ فِرَاشًا وَالسَّمَاءَ بِنَاءً وَأَنْزَلَ مِنَ السَّمَاءِ مَاءً فَأَخْرَجَ بِهِ مِنَ الثَّمَرَاتِ رِزْقًا لَكُمْ ۖ فَلَا تَجْعَلُوا لِلَّهِ أَنْدَادًا وَأَنْتُمْ تَعْلَمُونَ,الذي جعل لكم الأرض فراشا والسماء بناء وأنزل من السماء ماء فأخرج به من الثمرات رزقا لكم ۖ فلا تجعلوا لله أندادا وأنتم تعلمون,الَّذِي جَعَلَ لَكُمُ الْأَرْضَ فِرَاشًا وَالسَّمَاءَ بِنَاءً وَأَنزَلَ مِنَ السَّمَاءِ مَاءً فَأَخْرَجَ بِهِ مِنَ الثَّمَرَاتِ رِزْقًا لَّكُمْ ۖ فَلَا تَجْعَلُوا لِلَّهِ أَندَادًا وَأَنتُمْ تَعْلَمُونَ,الَّذي جَعَلَ لَكُمُ الأَرضَ فِراشًا وَالسَّماءَ بِناءً وَأَنزَلَ مِنَ السَّماءِ ماءً فَأَخرَجَ بِهِ مِنَ الثَّمَراتِ رِزقًا لَكُم ۖ فَلا تَجعَلوا لِلَّهِ أَندادًا وَأَنتُم تَعلَمونَ,الَّذى جَعَلَ لَكُمُ الأَرضَ فِرٰشًا وَالسَّماءَ بِناءً وَأَنزَلَ مِنَ السَّماءِ ماءً فَأَخرَجَ بِهِ مِنَ الثَّمَرٰتِ رِزقًا لَكُم ۖ فَلا تَجعَلوا لِلَّهِ أَندادًا وَأَنتُم تَعلَمونَ,ٱلَّذِى جَعَلَ لَكُمُ ٱلْأَرْضَ فِرَٰشًۭا وَٱلسَّمَآءَ بِنَآءًۭ وَأَنزَلَ مِنَ ٱلسَّمَآءِ مَآءًۭ فَأَخْرَجَ بِهِۦ مِنَ ٱلثَّمَرَٰتِ رِزْقًۭا لَّكُمْ ۖ فَلَا تَجْعَلُوا۟ لِلَّهِ أَندَادًۭا وَأَنتُمْ تَعْلَمُونَ,ربكم الذي جعل لكم الأرض بساطًا؛ لتسهل حياتكم عليها، والسماء محكمة البناء، وأنزل المطر من السحاب فأخرج لكم به من ألوان الثمرات وأنواع النبات رزقًا لكم، فلا تجعلوا لله نظراء في العبادة، وأنتم تعلمون تفرُّده بالخلق والرزق، واستحقاقِه العبودية.,الَّذى جَعَلَ لَكُمُ الأَرضَ فِرٰشًا وَالسَّماءَ بِناءً وَأَنزَلَ مِنَ السَّماءِ ماءً فَأَخرَجَ بِهِ مِنَ الثَّمَرٰتِ رِزقًا لَكُم ۖ فَلا تَجعَلوا لِلَّهِ أَندادًا وَأَنتُم تَعلَمونَ,,,,,1,,,,,,,,,,,
30,1,1,4,4,1,سُورَةُ البَقَرَةِ,2,23,وَإِنْ كُنْتُمْ فِي رَيْبٍ مِمَّا نَزَّلْنَا عَلَىٰ عَبْدِنَا فَأْتُوا بِسُورَةٍ مِنْ مِثْلِهِ وَادْعُوا شُهَدَاءَكُمْ مِنْ دُونِ اللَّهِ إِنْ كُنْتُمْ صَادِقِينَ,وإن كنتم في ريب مما نزلنا على عبدنا فأتوا بسورة من مثله وادعوا شهداءكم من دون الله إن كنتم صادقين,وَإِن كُنتُمْ فِي رَيْبٍ مِّمَّا نَزَّلْنَا عَلَىٰ عَبْدِنَا فَأْتُوا بِسُورَةٍ مِّن مِّثْلِهِ وَادْعُوا شُهَدَاءَكُم مِّن دُونِ اللَّهِ إِن كُنتُمْ صَادِقِينَ,وَإِن كُنتُم في رَيبٍ مِمّا نَزَّلنا عَلىٰ عَبدِنا فَأتوا بِسورَةٍ مِن مِثلِهِ وَادعوا شُهَداءَكُم مِن دونِ اللَّهِ إِن كُنتُم صادِقينَ,وَإِن كُنتُم فى رَيبٍ مِمّا نَزَّلنا عَلىٰ عَبدِنا فَأتوا بِسورَةٍ مِن مِثلِهِ وَادعوا شُهَداءَكُم مِن دونِ اللَّهِ إِن كُنتُم صٰدِقينَ,وَإِن كُنتُمْ فِى رَيْبٍۢ مِّمَّا نَزَّلْنَا عَلَىٰ عَبْدِنَا فَأْتُوا۟ بِسُورَةٍۢ مِّن مِّثْلِهِۦ وَٱدْعُوا۟ شُهَدَآءَكُم مِّن دُونِ ٱللَّهِ إِن كُنتُمْ صَٰدِقِينَ,وإن كنتم -أيها الكافرون المعاندون- في شَكٍّ من القرآن الذي نَزَّلناه على عبدنا محمد صلى الله عليه وسلم، وتزعمون أنه ليس من عند الله، فهاتوا سورة تماثل سورة من القرآن، واستعينوا بمن تقدرون عليه مِن أعوانكم، إن كنتم صادقين في دعواكم.,وَإِن كُنتُم فى رَيبٍ مِمّا نَزَّلنا عَلىٰ عَبدِنا فَأتوا بِسورَةٍ مِن مِثلِهِ وَادعوا شُهَداءَكُم مِن دونِ اللَّهِ إِن كُنتُم صٰدِقينَ,,,,,1,,,,,,,,,,,
31,1,1,4,4,1,سُورَةُ البَقَرَةِ,2,24,فَإِنْ لَمْ تَفْعَلُوا وَلَنْ تَفْعَلُوا فَاتَّقُوا النَّارَ الَّتِي وَقُودُهَا النَّاسُ وَالْحِجَارَةُ ۖ أُعِدَّتْ لِلْكَافِرِينَ,فإن لم تفعلوا ولن تفعلوا فاتقوا النار التي وقودها الناس والحجارة ۖ أعدت للكافرين,فَإِن لَّمْ تَفْعَلُوا وَلَن تَفْعَلُوا فَاتَّقُوا النَّارَ الَّتِي وَقُودُهَا النَّاسُ وَالْحِجَارَةُ ۖ أُعِدَّتْ لِلْكَافِرِينَ,فَإِن لَم تَفعَلوا وَلَن تَفعَلوا فَاتَّقُوا النّارَ الَّتي وَقودُهَا النّاسُ وَالحِجارَةُ ۖ أُعِدَّت لِلكافِرينَ,فَإِن لَم تَفعَلوا وَلَن تَفعَلوا فَاتَّقُوا النّارَ الَّتى وَقودُهَا النّاسُ وَالحِجارَةُ ۖ أُعِدَّت لِلكٰفِرينَ,فَإِن لَّمْ تَفْعَلُوا۟ وَلَن تَفْعَلُوا۟ فَٱتَّقُوا۟ ٱلنَّارَ ٱلَّتِى وَقُودُهَا ٱلنَّاسُ وَٱلْحِجَارَةُ ۖ أُعِدَّتْ لِلْكَٰفِرِينَ,فإن عجَزتم الآن -وستعجزون مستقبلا لا محالة- فاتقوا النار بالإيمان بالنبي صلى الله عليه وسلم وطاعة الله تعالى. هذه النار التي حَطَبُها الناس والحجارة، أُعِدَّتْ للكافرين بالله ورسله.,فَإِن لَم تَفعَلوا وَلَن تَفعَلوا فَاتَّقُوا النّارَ الَّتى وَقودُهَا النّاسُ وَالحِجارَةُ ۖ أُعِدَّت لِلكٰفِرينَ,,,,,1,,,,,,,,,,,
32,1,1,5,4,1,سُورَةُ البَقَرَةِ,2,25,وَبَشِّرِ الَّذِينَ آمَنُوا وَعَمِلُوا الصَّالِحَاتِ أَنَّ لَهُمْ جَنَّاتٍ تَجْرِي مِنْ تَحْتِهَا الْأَنْهَارُ ۖ كُلَّمَا رُزِقُوا مِنْهَا مِنْ ثَمَرَةٍ رِزْقًا ۙ قَالُوا هَٰذَا الَّذِي رُزِقْنَا مِنْ قَبْلُ ۖ وَأُتُوا بِهِ مُتَشَابِهًا ۖ وَلَهُمْ فِيهَا أَزْوَاجٌ مُطَهَّرَةٌ ۖ وَهُمْ فِيهَا خَالِدُونَ,وبشر الذين آمنوا وعملوا الصالحات أن لهم جنات تجري من تحتها الأنهار ۖ كلما رزقوا منها من ثمرة رزقا ۙ قالوا هذا الذي رزقنا من قبل ۖ وأتوا به متشابها ۖ ولهم فيها أزواج مطهرة ۖ وهم فيها خالدون,وَبَشِّرِ الَّذِينَ آمَنُوا وَعَمِلُوا الصَّالِحَاتِ أَنَّ لَهُمْ جَنَّاتٍ تَجْرِي مِن تَحْتِهَا الْأَنْهَارُ ۖ كُلَّمَا رُزِقُوا مِنْهَا مِن ثَمَرَةٍ رِّزْقًا ۙ قَالُوا هَٰذَا الَّذِي رُزِقْنَا مِن قَبْلُ ۖ وَأُتُوا بِهِ مُتَشَابِهًا ۖ وَلَهُمْ فِيهَا أَزْوَاجٌ مُّطَهَّرَةٌ ۖ وَهُمْ فِيهَا خَالِدُونَ,وَبَشِّرِ الَّذينَ آمَنوا وَعَمِلُوا الصّالِحاتِ أَنَّ لَهُم جَنّاتٍ تَجري مِن تَحتِهَا الأَنهارُ ۖ كُلَّما رُزِقوا مِنها مِن ثَمَرَةٍ رِزقًا ۙ قالوا هٰذَا الَّذي رُزِقنا مِن قَبلُ ۖ وَأُتوا بِهِ مُتَشابِهًا ۖ وَلَهُم فيها أَزواجٌ مُطَهَّرَةٌ ۖ وَهُم فيها خالِدونَ,وَبَشِّرِ الَّذينَ ءامَنوا وَعَمِلُوا الصّٰلِحٰتِ أَنَّ لَهُم جَنّٰتٍ تَجرى مِن تَحتِهَا الأَنهٰرُ ۖ كُلَّما رُزِقوا مِنها مِن ثَمَرَةٍ رِزقًا ۙ قالوا هٰذَا الَّذى رُزِقنا مِن قَبلُ ۖ وَأُتوا بِهِ مُتَشٰبِهًا ۖ وَلَهُم فيها أَزوٰجٌ مُطَهَّرَةٌ ۖ وَهُم فيها خٰلِدونَ,وَبَشِّرِ ٱلَّذِينَ ءَامَنُوا۟ وَعَمِلُوا۟ ٱلصَّٰلِحَٰتِ أَنَّ لَهُمْ جَنَّٰتٍۢ تَجْرِى مِن تَحْتِهَا ٱلْأَنْهَٰرُ ۖ كُلَّمَا رُزِقُوا۟ مِنْهَا مِن ثَمَرَةٍۢ رِّزْقًۭا ۙ قَالُوا۟ هَٰذَا ٱلَّذِى رُزِقْنَا مِن قَبْلُ ۖ وَأُتُوا۟ بِهِۦ مُتَشَٰبِهًۭا ۖ وَلَهُمْ فِيهَآ أَزْوَٰجٌۭ مُّطَهَّرَةٌۭ ۖ وَهُمْ فِيهَا خَٰلِدُونَ,وأخبر -أيها الرسول- أهل الإيمان والعمل الصالح خبرًا يملؤهم سرورًا، بأن لهم في الآخرة حدائق عجيبة، تجري الأنهار تحت قصورها العالية وأشجارها الظليلة. كلَّما رزقهم الله فيها نوعًا من الفاكهة اللذيذة قالوا: قد رَزَقَنا الله هذا النوع من قبل، فإذا ذاقوه وجدوه شيئًا جديدًا في طعمه ولذته، وإن تشابه مع سابقه في اللون والمنظر والاسم. ولهم في الجنَّات زوجات مطهَّرات من كل ألوان الدنس الحسيِّ كالبول والحيض، والمعنوي كالكذب وسوء الخُلُق. وهم في الجنة ونعيمها دائمون، لا يموتون فيها ولا يخرجون منها.,وَبَشِّرِ الَّذينَ ءامَنوا وَعَمِلُوا الصّٰلِحٰتِ أَنَّ لَهُم جَنّٰتٍ تَجرى مِن تَحتِهَا الأَنهٰرُ ۖ كُلَّما رُزِقوا مِنها مِن ثَمَرَةٍ رِزقًا ۙ قالوا هٰذَا الَّذى رُزِقنا مِن قَبلُ ۖ وَأُتوا بِهِ مُتَشٰبِهًا ۖ وَلَهُم فيها أَزوٰجٌ مُطَهَّرَةٌ ۖ وَهُم فيها خٰلِدونَ,,,,,1,,,,,,,,,,,
33,1,1,5,4,2,سُورَةُ البَقَرَةِ,2,26,۞ إِنَّ اللَّهَ لَا يَسْتَحْيِي أَنْ يَضْرِبَ مَثَلًا مَا بَعُوضَةً فَمَا فَوْقَهَا ۚ فَأَمَّا الَّذِينَ آمَنُوا فَيَعْلَمُونَ أَنَّهُ الْحَقُّ مِنْ رَبِّهِمْ ۖ وَأَمَّا الَّذِينَ كَفَرُوا فَيَقُولُونَ مَاذَا أَرَادَ اللَّهُ بِهَٰذَا مَثَلًا ۘ يُضِلُّ بِهِ كَثِيرًا وَيَهْدِي بِهِ كَثِيرًا ۚ وَمَا يُضِلُّ بِهِ إِلَّا الْفَاسِقِينَ,۞ إن الله لا يستحيي أن يضرب مثلا ما بعوضة فما فوقها ۚ فأما الذين آمنوا فيعلمون أنه الحق من ربهم ۖ وأما الذين كفروا فيقولون ماذا أراد الله بهذا مثلا ۘ يضل به كثيرا ويهدي به كثيرا ۚ وما يضل به إلا الفاسقين,۞ إِنَّ اللَّهَ لَا يَسْتَحْيِي أَن يَضْرِبَ مَثَلًا مَّا بَعُوضَةً فَمَا فَوْقَهَا ۚ فَأَمَّا الَّذِينَ آمَنُوا فَيَعْلَمُونَ أَنَّهُ الْحَقُّ مِن رَّبِّهِمْ ۖ وَأَمَّا الَّذِينَ كَفَرُوا فَيَقُولُونَ مَاذَا أَرَادَ اللَّهُ بِهَٰذَا مَثَلًا ۘ يُضِلُّ بِهِ كَثِيرًا وَيَهْدِي بِهِ كَثِيرًا ۚ وَمَا يُضِلُّ بِهِ إِلَّا الْفَاسِقِينَ,۞ إِنَّ اللَّهَ لا يَستَحيي أَن يَضرِبَ مَثَلًا ما بَعوضَةً فَما فَوقَها ۚ فَأَمَّا الَّذينَ آمَنوا فَيَعلَمونَ أَنَّهُ الحَقُّ مِن رَبِّهِم ۖ وَأَمَّا الَّذينَ كَفَروا فَيَقولونَ ماذا أَرادَ اللَّهُ بِهٰذا مَثَلًا ۘ يُضِلُّ بِهِ كَثيرًا وَيَهدي بِهِ كَثيرًا ۚ وَما يُضِلُّ بِهِ إِلَّا الفاسِقينَ,۞ إِنَّ اللَّهَ لا يَستَحيۦ أَن يَضرِبَ مَثَلًا ما بَعوضَةً فَما فَوقَها ۚ فَأَمَّا الَّذينَ ءامَنوا فَيَعلَمونَ أَنَّهُ الحَقُّ مِن رَبِّهِم ۖ وَأَمَّا الَّذينَ كَفَروا فَيَقولونَ ماذا أَرادَ اللَّهُ بِهٰذا مَثَلًا ۘ يُضِلُّ بِهِ كَثيرًا وَيَهدى بِهِ كَثيرًا ۚ وَما يُضِلُّ بِهِ إِلَّا الفٰسِقينَ,۞ إِنَّ ٱللَّهَ لَا يَسْتَحْىِۦٓ أَن يَضْرِبَ مَثَلًۭا مَّا بَعُوضَةًۭ فَمَا فَوْقَهَا ۚ فَأَمَّا ٱلَّذِينَ ءَامَنُوا۟ فَيَعْلَمُونَ أَنَّهُ ٱلْحَقُّ مِن رَّبِّهِمْ ۖ وَأَمَّا ٱلَّذِينَ كَفَرُوا۟ فَيَقُولُونَ مَاذَآ أَرَادَ ٱللَّهُ بِهَٰذَا مَثَلًۭا ۘ يُضِلُّ بِهِۦ كَثِيرًۭا وَيَهْدِى بِهِۦ كَثِيرًۭا ۚ وَمَا يُضِلُّ بِهِۦٓ إِلَّا ٱلْفَٰسِقِينَ,إن الله تعالى لا يستحيي من الحق أن يذكر شيئًا ما، قلَّ أو كثر، ولو كان تمثيلا بأصغر شيء، كالبعوضة والذباب ونحو ذلك، مما ضربه الله مثلا لِعَجْز كل ما يُعْبَد من دون الله. فأما المؤمنون فيعلمون حكمة الله في التمثيل بالصغير والكبير من خلقه، وأما الكفار فَيَسْخرون ويقولون: ما مراد الله مِن ضَرْب المثل بهذه الحشرات الحقيرة؟ ويجيبهم الله بأن المراد هو الاختبار، وتمييز المؤمن من الكافر؛ لذلك يصرف الله بهذا المثل ناسًا كثيرين عن الحق لسخريتهم منه، ويوفق به غيرهم إلى مزيد من الإيمان والهداية. والله تعالى لا يظلم أحدًا؛ لأنه لا يَصْرِف عن الحق إلا الخارجين عن طاعته.,۞ إِنَّ اللَّهَ لا يَستَحيۦ أَن يَضرِبَ مَثَلًا ما بَعوضَةً فَما فَوقَها ۚ فَأَمَّا الَّذينَ ءامَنوا فَيَعلَمونَ أَنَّهُ الحَقُّ مِن رَبِّهِم ۖ وَأَمَّا الَّذينَ كَفَروا فَيَقولونَ ماذا أَرادَ اللَّهُ بِهٰذا مَثَلًا ۘ يُضِلُّ بِهِ كَثيرًا وَيَهدى بِهِ كَثيرًا ۚ وَما يُضِلُّ بِهِ إِلَّا الفٰسِقينَ,"إذا بحثنا في الكتاب عن كلمة لَا يَسْتَحْىِ سنجد

يَا أَيُّهَا الَّذِينَ آمَنُوا لَا تَدْخُلُوا بُيُوتَ النَّبِيِّ إِلَّا أَنْ يُؤْذَنَ لَكُمْ إِلَىٰ طَعَامٍ غَيْرَ نَاظِرِينَ إِنَاهُ وَلَٰكِنْ إِذَا دُعِيتُمْ فَادْخُلُوا فَإِذَا طَعِمْتُمْ فَانْتَشِرُوا وَلَا مُسْتَأْنِسِينَ لِحَدِيثٍ ۚ إِنَّ ذَٰلِكُمْ كَانَ يُؤْذِي النَّبِيَّ فَيَسْتَحْيِي مِنْكُمْ ۖ وَاللَّهُ لَا يَسْتَحْيِي مِنَ الْحَقِّ ۚ وَإِذَا سَأَلْتُمُوهُنَّ مَتَاعًا فَاسْأَلُوهُنَّ مِنْ وَرَاءِ حِجَابٍ ۚ ذَٰلِكُمْ أَطْهَرُ لِقُلُوبِكُمْ وَقُلُوبِهِنَّ ۚ وَمَا كَانَ لَكُمْ أَنْ تُؤْذُوا رَسُولَ اللَّهِ وَلَا أَنْ تَنْكِحُوا أَزْوَاجَهُ مِنْ بَعْدِهِ أَبَدًا ۚ إِنَّ ذَٰلِكُمْ كَانَ عِنْدَ اللَّهِ عَظِيمًا-الأحزاب 33:53

ومن ثم سنفهم أن الله يقصد بَعُوضَةًۭ فَمَا فَوْقَهَا = الحق 
",,,,,,,,من هذا المثال عرفنا الله كيف نفهم الكلمات من القرآن وذلك بالبحث عنها في سياقات آيات الكتاب,,,,,,,
34,1,1,5,4,2,سُورَةُ البَقَرَةِ,2,27,الَّذِينَ يَنْقُضُونَ عَهْدَ اللَّهِ مِنْ بَعْدِ مِيثَاقِهِ وَيَقْطَعُونَ مَا أَمَرَ اللَّهُ بِهِ أَنْ يُوصَلَ وَيُفْسِدُونَ فِي الْأَرْضِ ۚ أُولَٰئِكَ هُمُ الْخَاسِرُونَ,الذين ينقضون عهد الله من بعد ميثاقه ويقطعون ما أمر الله به أن يوصل ويفسدون في الأرض ۚ أولئك هم الخاسرون,الَّذِينَ يَنقُضُونَ عَهْدَ اللَّهِ مِن بَعْدِ مِيثَاقِهِ وَيَقْطَعُونَ مَا أَمَرَ اللَّهُ بِهِ أَن يُوصَلَ وَيُفْسِدُونَ فِي الْأَرْضِ ۚ أُولَٰئِكَ هُمُ الْخَاسِرُونَ,الَّذينَ يَنقُضونَ عَهدَ اللَّهِ مِن بَعدِ ميثاقِهِ وَيَقطَعونَ ما أَمَرَ اللَّهُ بِهِ أَن يوصَلَ وَيُفسِدونَ فِي الأَرضِ ۚ أُولٰئِكَ هُمُ الخاسِرونَ,الَّذينَ يَنقُضونَ عَهدَ اللَّهِ مِن بَعدِ ميثٰقِهِ وَيَقطَعونَ ما أَمَرَ اللَّهُ بِهِ أَن يوصَلَ وَيُفسِدونَ فِى الأَرضِ ۚ أُولٰئِكَ هُمُ الخٰسِرونَ,ٱلَّذِينَ يَنقُضُونَ عَهْدَ ٱللَّهِ مِنۢ بَعْدِ مِيثَٰقِهِۦ وَيَقْطَعُونَ مَآ أَمَرَ ٱللَّهُ بِهِۦٓ أَن يُوصَلَ وَيُفْسِدُونَ فِى ٱلْأَرْضِ ۚ أُو۟لَٰٓئِكَ هُمُ ٱلْخَٰسِرُونَ,الذين ينكثون عهد الله الذي أخذه عليهم بالتوحيد والطاعة، وقد أكَّده بإرسال الرسل، وإنزال الكتب، ويخالفون دين الله كقطع الأرحام ونشر الفساد في الأرض، أولئك هم الخاسرون في الدنيا والآخرة.,الَّذينَ يَنقُضونَ عَهدَ اللَّهِ مِن بَعدِ ميثٰقِهِ وَيَقطَعونَ ما أَمَرَ اللَّهُ بِهِ أَن يوصَلَ وَيُفسِدونَ فِى الأَرضِ ۚ أُولٰئِكَ هُمُ الخٰسِرونَ,,,,,,,,,,1,,,,,,
35,1,1,5,4,2,سُورَةُ البَقَرَةِ,2,28,كَيْفَ تَكْفُرُونَ بِاللَّهِ وَكُنْتُمْ أَمْوَاتًا فَأَحْيَاكُمْ ۖ ثُمَّ يُمِيتُكُمْ ثُمَّ يُحْيِيكُمْ ثُمَّ إِلَيْهِ تُرْجَعُونَ,كيف تكفرون بالله وكنتم أمواتا فأحياكم ۖ ثم يميتكم ثم يحييكم ثم إليه ترجعون,كَيْفَ تَكْفُرُونَ بِاللَّهِ وَكُنتُمْ أَمْوَاتًا فَأَحْيَاكُمْ ۖ ثُمَّ يُمِيتُكُمْ ثُمَّ يُحْيِيكُمْ ثُمَّ إِلَيْهِ تُرْجَعُونَ,كَيفَ تَكفُرونَ بِاللَّهِ وَكُنتُم أَمواتًا فَأَحياكُم ۖ ثُمَّ يُميتُكُم ثُمَّ يُحييكُم ثُمَّ إِلَيهِ تُرجَعونَ,كَيفَ تَكفُرونَ بِاللَّهِ وَكُنتُم أَموٰتًا فَأَحيٰكُم ۖ ثُمَّ يُميتُكُم ثُمَّ يُحييكُم ثُمَّ إِلَيهِ تُرجَعونَ,كَيْفَ تَكْفُرُونَ بِٱللَّهِ وَكُنتُمْ أَمْوَٰتًۭا فَأَحْيَٰكُمْ ۖ ثُمَّ يُمِيتُكُمْ ثُمَّ يُحْيِيكُمْ ثُمَّ إِلَيْهِ تُرْجَعُونَ,كيف تنكرون -أيُّها المشركون- وحدانية الله تعالى، وتشركون به غيره في العبادة مع البرهان القاطع عليها في أنفسكم؟ فلقد كنتم أمواتًا فأوجدكم ونفخ فيكم الحياة، ثم يميتكم بعد انقضاء آجالكم التي حددها لكم، ثم يعيدكم أحياء يوم البعث، ثم إليه ترجعون للحساب والجزاء.,كَيفَ تَكفُرونَ بِاللَّهِ وَكُنتُم أَموٰتًا فَأَحيٰكُم ۖ ثُمَّ يُميتُكُم ثُمَّ يُحييكُم ثُمَّ إِلَيهِ تُرجَعونَ,,,,,,,,,,,,,,,,
36,1,1,5,4,2,سُورَةُ البَقَرَةِ,2,29,هُوَ الَّذِي خَلَقَ لَكُمْ مَا فِي الْأَرْضِ جَمِيعًا ثُمَّ اسْتَوَىٰ إِلَى السَّمَاءِ فَسَوَّاهُنَّ سَبْعَ سَمَاوَاتٍ ۚ وَهُوَ بِكُلِّ شَيْءٍ عَلِيمٌ,هو الذي خلق لكم ما في الأرض جميعا ثم استوى إلى السماء فسواهن سبع سماوات ۚ وهو بكل شيء عليم,هُوَ الَّذِي خَلَقَ لَكُم مَّا فِي الْأَرْضِ جَمِيعًا ثُمَّ اسْتَوَىٰ إِلَى السَّمَاءِ فَسَوَّاهُنَّ سَبْعَ سَمَاوَاتٍ ۚ وَهُوَ بِكُلِّ شَيْءٍ عَلِيمٌ,هُوَ الَّذي خَلَقَ لَكُم ما فِي الأَرضِ جَميعًا ثُمَّ استَوىٰ إِلَى السَّماءِ فَسَوّاهُنَّ سَبعَ سَماواتٍ ۚ وَهُوَ بِكُلِّ شَيءٍ عَليمٌ,هُوَ الَّذى خَلَقَ لَكُم ما فِى الأَرضِ جَميعًا ثُمَّ استَوىٰ إِلَى السَّماءِ فَسَوّىٰهُنَّ سَبعَ سَمٰوٰتٍ ۚ وَهُوَ بِكُلِّ شَيءٍ عَليمٌ,هُوَ ٱلَّذِى خَلَقَ لَكُم مَّا فِى ٱلْأَرْضِ جَمِيعًۭا ثُمَّ ٱسْتَوَىٰٓ إِلَى ٱلسَّمَآءِ فَسَوَّىٰهُنَّ سَبْعَ سَمَٰوَٰتٍۢ ۚ وَهُوَ بِكُلِّ شَىْءٍ عَلِيمٌۭ,اللهُ وحده الذي خَلَق لأجلكم كل ما في الأرض من النِّعم التي تنتفعون بها، ثم قصد إلى خلق السموات، فسوَّاهنَّ سبع سموات، وهو بكل شيء عليم. فعِلْمُه -سبحانه- محيط بجميع ما خلق.,هُوَ الَّذى خَلَقَ لَكُم ما فِى الأَرضِ جَميعًا ثُمَّ استَوىٰ إِلَى السَّماءِ فَسَوّىٰهُنَّ سَبعَ سَمٰوٰتٍ ۚ وَهُوَ بِكُلِّ شَيءٍ عَليمٌ,,,,,1,,,,,,,,,,,
37,1,1,6,5,2,سُورَةُ البَقَرَةِ,2,30,وَإِذْ قَالَ رَبُّكَ لِلْمَلَائِكَةِ إِنِّي جَاعِلٌ فِي الْأَرْضِ خَلِيفَةً ۖ قَالُوا أَتَجْعَلُ فِيهَا مَنْ يُفْسِدُ فِيهَا وَيَسْفِكُ الدِّمَاءَ وَنَحْنُ نُسَبِّحُ بِحَمْدِكَ وَنُقَدِّسُ لَكَ ۖ قَالَ إِنِّي أَعْلَمُ مَا لَا تَعْلَمُونَ,وإذ قال ربك للملائكة إني جاعل في الأرض خليفة ۖ قالوا أتجعل فيها من يفسد فيها ويسفك الدماء ونحن نسبح بحمدك ونقدس لك ۖ قال إني أعلم ما لا تعلمون,وَإِذْ قَالَ رَبُّكَ لِلْمَلَائِكَةِ إِنِّي جَاعِلٌ فِي الْأَرْضِ خَلِيفَةً ۖ قَالُوا أَتَجْعَلُ فِيهَا مَن يُفْسِدُ فِيهَا وَيَسْفِكُ الدِّمَاءَ وَنَحْنُ نُسَبِّحُ بِحَمْدِكَ وَنُقَدِّسُ لَكَ ۖ قَالَ إِنِّي أَعْلَمُ مَا لَا تَعْلَمُونَ,وَإِذ قالَ رَبُّكَ لِلمَلائِكَةِ إِنّي جاعِلٌ فِي الأَرضِ خَليفَةً ۖ قالوا أَتَجعَلُ فيها مَن يُفسِدُ فيها وَيَسفِكُ الدِّماءَ وَنَحنُ نُسَبِّحُ بِحَمدِكَ وَنُقَدِّسُ لَكَ ۖ قالَ إِنّي أَعلَمُ ما لا تَعلَمونَ,وَإِذ قالَ رَبُّكَ لِلمَلٰئِكَةِ إِنّى جاعِلٌ فِى الأَرضِ خَليفَةً ۖ قالوا أَتَجعَلُ فيها مَن يُفسِدُ فيها وَيَسفِكُ الدِّماءَ وَنَحنُ نُسَبِّحُ بِحَمدِكَ وَنُقَدِّسُ لَكَ ۖ قالَ إِنّى أَعلَمُ ما لا تَعلَمونَ,وَإِذْ قَالَ رَبُّكَ لِلْمَلَٰٓئِكَةِ إِنِّى جَاعِلٌۭ فِى ٱلْأَرْضِ خَلِيفَةًۭ ۖ قَالُوٓا۟ أَتَجْعَلُ فِيهَا مَن يُفْسِدُ فِيهَا وَيَسْفِكُ ٱلدِّمَآءَ وَنَحْنُ نُسَبِّحُ بِحَمْدِكَ وَنُقَدِّسُ لَكَ ۖ قَالَ إِنِّىٓ أَعْلَمُ مَا لَا تَعْلَمُونَ,واذكر -أيها الرسول- للناس حين قال ربك للملائكة: إني جاعل في الأرض قومًا يخلف بعضهم بعضًا لعمارتها. قالت: يا ربَّنا علِّمْنا وأَرْشِدْنا ما الحكمة في خلق هؤلاء، مع أنَّ من شأنهم الإفساد في الأرض واراقة الدماء ظلما وعدوانًا ونحن طوع أمرك، ننزِّهك التنزيه اللائق بحمدك وجلالك، ونمجِّدك بكل صفات الكمال والجلال؟ قال الله لهم: إني أعلم ما لا تعلمون من الحكمة البالغة في خلقهم.,وَإِذ قالَ رَبُّكَ لِلمَلٰئِكَةِ إِنّى جاعِلٌ فِى الأَرضِ خَليفَةً ۖ قالوا أَتَجعَلُ فيها مَن يُفسِدُ فيها وَيَسفِكُ الدِّماءَ وَنَحنُ نُسَبِّحُ بِحَمدِكَ وَنُقَدِّسُ لَكَ ۖ قالَ إِنّى أَعلَمُ ما لا تَعلَمونَ,,,,,,,,,,,,,,,,
38,1,1,6,5,2,سُورَةُ البَقَرَةِ,2,31,وَعَلَّمَ آدَمَ الْأَسْمَاءَ كُلَّهَا ثُمَّ عَرَضَهُمْ عَلَى الْمَلَائِكَةِ فَقَالَ أَنْبِئُونِي بِأَسْمَاءِ هَٰؤُلَاءِ إِنْ كُنْتُمْ صَادِقِينَ,وعلم آدم الأسماء كلها ثم عرضهم على الملائكة فقال أنبئوني بأسماء هؤلاء إن كنتم صادقين,وَعَلَّمَ آدَمَ الْأَسْمَاءَ كُلَّهَا ثُمَّ عَرَضَهُمْ عَلَى الْمَلَائِكَةِ فَقَالَ أَنبِئُونِي بِأَسْمَاءِ هَٰؤُلَاءِ إِن كُنتُمْ صَادِقِينَ,وَعَلَّمَ آدَمَ الأَسماءَ كُلَّها ثُمَّ عَرَضَهُم عَلَى المَلائِكَةِ فَقالَ أَنبِئوني بِأَسماءِ هٰؤُلاءِ إِن كُنتُم صادِقينَ,وَعَلَّمَ ءادَمَ الأَسماءَ كُلَّها ثُمَّ عَرَضَهُم عَلَى المَلٰئِكَةِ فَقالَ أَنبِـٔونى بِأَسماءِ هٰؤُلاءِ إِن كُنتُم صٰدِقينَ,وَعَلَّمَ ءَادَمَ ٱلْأَسْمَآءَ كُلَّهَا ثُمَّ عَرَضَهُمْ عَلَى ٱلْمَلَٰٓئِكَةِ فَقَالَ أَنۢبِـُٔونِى بِأَسْمَآءِ هَٰٓؤُلَآءِ إِن كُنتُمْ صَٰدِقِينَ,وبيانًا لفضل آدم عليه السلام علَّمه الله أسماء الأشياء كلها، ثم عرض مسمياتها على الملائكة قائلا لهم: أخبروني بأسماء هؤلاء الموجودات، إن كنتم صادقين في أنكم أَوْلى بالاستخلاف في الأرض منهم.,وَعَلَّمَ ءادَمَ الأَسماءَ كُلَّها ثُمَّ عَرَضَهُم عَلَى المَلٰئِكَةِ فَقالَ أَنبِـٔونى بِأَسماءِ هٰؤُلاءِ إِن كُنتُم صٰدِقينَ,,,,,,1,,,,,,,,,,
39,1,1,6,5,2,سُورَةُ البَقَرَةِ,2,32,قَالُوا سُبْحَانَكَ لَا عِلْمَ لَنَا إِلَّا مَا عَلَّمْتَنَا ۖ إِنَّكَ أَنْتَ الْعَلِيمُ الْحَكِيمُ,قالوا سبحانك لا علم لنا إلا ما علمتنا ۖ إنك أنت العليم الحكيم,قَالُوا سُبْحَانَكَ لَا عِلْمَ لَنَا إِلَّا مَا عَلَّمْتَنَا ۖ إِنَّكَ أَنتَ الْعَلِيمُ الْحَكِيمُ,قالوا سُبحانَكَ لا عِلمَ لَنا إِلّا ما عَلَّمتَنا ۖ إِنَّكَ أَنتَ العَليمُ الحَكيمُ,قالوا سُبحٰنَكَ لا عِلمَ لَنا إِلّا ما عَلَّمتَنا ۖ إِنَّكَ أَنتَ العَليمُ الحَكيمُ,قَالُوا۟ سُبْحَٰنَكَ لَا عِلْمَ لَنَآ إِلَّا مَا عَلَّمْتَنَآ ۖ إِنَّكَ أَنتَ ٱلْعَلِيمُ ٱلْحَكِيمُ,قالت الملائكة: ننزِّهك يا ربَّنا، ليس لنا علم إلا ما علَّمتنا إياه. إنك أنت وحدك العليم بشئون خلقك، الحكيم في تدبيرك.,قالوا سُبحٰنَكَ لا عِلمَ لَنا إِلّا ما عَلَّمتَنا ۖ إِنَّكَ أَنتَ العَليمُ الحَكيمُ,,,,,,1,,,,,,,,,,
40,1,1,6,5,2,سُورَةُ البَقَرَةِ,2,33,قَالَ يَا آدَمُ أَنْبِئْهُمْ بِأَسْمَائِهِمْ ۖ فَلَمَّا أَنْبَأَهُمْ بِأَسْمَائِهِمْ قَالَ أَلَمْ أَقُلْ لَكُمْ إِنِّي أَعْلَمُ غَيْبَ السَّمَاوَاتِ وَالْأَرْضِ وَأَعْلَمُ مَا تُبْدُونَ وَمَا كُنْتُمْ تَكْتُمُونَ,قال يا آدم أنبئهم بأسمائهم ۖ فلما أنبأهم بأسمائهم قال ألم أقل لكم إني أعلم غيب السماوات والأرض وأعلم ما تبدون وما كنتم تكتمون,قَالَ يَا آدَمُ أَنبِئْهُم بِأَسْمَائِهِمْ ۖ فَلَمَّا أَنبَأَهُم بِأَسْمَائِهِمْ قَالَ أَلَمْ أَقُل لَّكُمْ إِنِّي أَعْلَمُ غَيْبَ السَّمَاوَاتِ وَالْأَرْضِ وَأَعْلَمُ مَا تُبْدُونَ وَمَا كُنتُمْ تَكْتُمُونَ,قالَ يا آدَمُ أَنبِئهُم بِأَسمائِهِم ۖ فَلَمّا أَنبَأَهُم بِأَسمائِهِم قالَ أَلَم أَقُل لَكُم إِنّي أَعلَمُ غَيبَ السَّماواتِ وَالأَرضِ وَأَعلَمُ ما تُبدونَ وَما كُنتُم تَكتُمونَ,قالَ يٰـٔادَمُ أَنبِئهُم بِأَسمائِهِم ۖ فَلَمّا أَنبَأَهُم بِأَسمائِهِم قالَ أَلَم أَقُل لَكُم إِنّى أَعلَمُ غَيبَ السَّمٰوٰتِ وَالأَرضِ وَأَعلَمُ ما تُبدونَ وَما كُنتُم تَكتُمونَ,قَالَ يَٰٓـَٔادَمُ أَنۢبِئْهُم بِأَسْمَآئِهِمْ ۖ فَلَمَّآ أَنۢبَأَهُم بِأَسْمَآئِهِمْ قَالَ أَلَمْ أَقُل لَّكُمْ إِنِّىٓ أَعْلَمُ غَيْبَ ٱلسَّمَٰوَٰتِ وَٱلْأَرْضِ وَأَعْلَمُ مَا تُبْدُونَ وَمَا كُنتُمْ تَكْتُمُونَ,قال الله: يا آدم أخبرهم بأسماء هذه الأشياء التي عجَزوا عن معرفتها. فلما أخبرهم آدم بها، قال الله للملائكة: لقد أخبرتكم أني أعلم ما خفي عنكم في السموات والأرض، وأعلم ما تظهرونه وما تخفونه.,قالَ يٰـٔادَمُ أَنبِئهُم بِأَسمائِهِم ۖ فَلَمّا أَنبَأَهُم بِأَسمائِهِم قالَ أَلَم أَقُل لَكُم إِنّى أَعلَمُ غَيبَ السَّمٰوٰتِ وَالأَرضِ وَأَعلَمُ ما تُبدونَ وَما كُنتُم تَكتُمونَ,,,,,,1,,,,,,,,,,
41,1,1,6,5,2,سُورَةُ البَقَرَةِ,2,34,وَإِذْ قُلْنَا لِلْمَلَائِكَةِ اسْجُدُوا لِآدَمَ فَسَجَدُوا إِلَّا إِبْلِيسَ أَبَىٰ وَاسْتَكْبَرَ وَكَانَ مِنَ الْكَافِرِينَ,وإذ قلنا للملائكة اسجدوا لآدم فسجدوا إلا إبليس أبى واستكبر وكان من الكافرين,وَإِذْ قُلْنَا لِلْمَلَائِكَةِ اسْجُدُوا لِآدَمَ فَسَجَدُوا إِلَّا إِبْلِيسَ أَبَىٰ وَاسْتَكْبَرَ وَكَانَ مِنَ الْكَافِرِينَ,وَإِذ قُلنا لِلمَلائِكَةِ اسجُدوا لِآدَمَ فَسَجَدوا إِلّا إِبليسَ أَبىٰ وَاستَكبَرَ وَكانَ مِنَ الكافِرينَ,وَإِذ قُلنا لِلمَلٰئِكَةِ اسجُدوا لِءادَمَ فَسَجَدوا إِلّا إِبليسَ أَبىٰ وَاستَكبَرَ وَكانَ مِنَ الكٰفِرينَ,وَإِذْ قُلْنَا لِلْمَلَٰٓئِكَةِ ٱسْجُدُوا۟ لِءَادَمَ فَسَجَدُوٓا۟ إِلَّآ إِبْلِيسَ أَبَىٰ وَٱسْتَكْبَرَ وَكَانَ مِنَ ٱلْكَٰفِرِينَ,واذكر -أيها الرسول- للناس تكريم الله لآدم حين قال سبحانه للملائكة: اسجدوا لآدم إكرامًا له وإظهارًا لفضله، فأطاعوا جميعًا إلا إبليس امتنع عن السجود تكبرًا وحسدًا، فصار من الجاحدين بالله، العاصين لأمره.,وَإِذ قُلنا لِلمَلٰئِكَةِ اسجُدوا لِءادَمَ فَسَجَدوا إِلّا إِبليسَ أَبىٰ وَاستَكبَرَ وَكانَ مِنَ الكٰفِرينَ,,,,,,1,,,,,,,,,,